movie_name,start(sec),end(sec),sequence_name,Neutral (1)_Typical (0),nb_annotations,memorability_score,memorabable
127 hours,2000,2010,127_hours_2000_2010_1,0,5,1,1
127 hours,2182,2192,127_hours_2182_2192_5,1,8,0,0
127 hours,271,281,127_hours_271_281_1,1,4,0.75,1
127 hours,285,295,127_hours_285_295_2,1,5,0.8,1
127 hours,328,338,127_hours_328_338_3,0,7,0.714285714,1
127 hours,4524,4534,127_hours_4524_4534_7,0,7,0.857142857,1
127 hours,921,931,127_hours_921_931_4,1,6,0.833333333,1
2001 A Space Odyssey,1110,1120,2001_A_Space_Odyssey_1110_1120_4,1,10,0.7,1
2001 A Space Odyssey,1205,1215,2001_A_Space_Odyssey_1205_1215_5,1,13,0.846153846,1
2001 A Space Odyssey,1484,1494,2001_A_Space_Odyssey_1484_1494_1,1,12,0.666666667,1
2001 A Space Odyssey,1708,1718,2001_A_Space_Odyssey_1708_1718_6,1,13,0,0
2001 A Space Odyssey,2760,2770,2001_A_Space_Odyssey_2760_2770_2,1,12,0.416666667,0
2001 A Space Odyssey,4123,4133,2001_A_Space_Odyssey_4123_4133_7,0,12,0.583333333,1
2001 A Space Odyssey,770,780,2001_A_Space_Odyssey_770_780_2,1,12,0.666666667,1
A History Of Violence,1376,1386,A_History_Of_Violence_1376_1386_13,0,4,0.75,1
A History Of Violence,1693,1703,A_History_Of_Violence_1693_1703_14,0,5,1,1
A History Of Violence,1910,1920,A_History_Of_Violence_1910_1920_11,1,5,0.2,0
A History Of Violence,2585,2595,A_History_Of_Violence_2585_2595_12,1,5,0,0
A History Of Violence,267,277,A_History_Of_Violence_267_277_9,1,5,0.2,0
A History Of Violence,473,483,A_History_Of_Violence_473_483_10,1,5,0,0
A History Of Violence,640,650,A_History_Of_Violence_640_650_8,1,4,0,0
Amadeus,1205,1215,Amadeus_1205_1215_1,0,7,0.571428571,1
Amadeus,4474,4484,Amadeus_4474_4484_2,0,11,0.545454545,1
Amadeus,7627,7637,Amadeus_7627_7637_5,0,9,0.222222222,0
Amadeus,8118,8128,Amadeus_8118_8128_4,0,9,0.333333333,0
Amadeus,8311,8321,Amadeus_8311_8321_6,0,11,0.636363636,1
Amadeus,8818,8828,Amadeus_8818_8828_7,0,12,0.75,1
Amadeus,9050,9060,Amadeus_9050_9060_3,0,7,0.571428571,1
Armageddon,1977,1987,Armageddon_1977_1987_12,0,13,0.076923077,0
Armageddon,2692,2702,Armageddon_2692_2702_80,0,10,0.4,0
Armageddon,3173,3183,Armageddon_3173_3183_9,1,14,0,0
Armageddon,4421,4431,Armageddon_4421_4431_14,1,16,0.4375,0
Armageddon,4604,4614,Armageddon_4604_4614_10,1,16,0.4375,0
Armageddon,5000,5010,Armageddon_5000_5010_11,1,16,0.25,0
Armageddon,803,813,Armageddon_803_813_8,0,13,0.769230769,1
Avengers - Age of Ultron,2760,2770,Avengers_-_Age_of_Ultron_2760_2770_2,0,7,0.857142857,1
Avengers - Age of Ultron,3014,3024,Avengers_-_Age_of_Ultron_3014_3024_5,0,11,0.818181818,1
Avengers - Age of Ultron,3035,3045,Avengers_-_Age_of_Ultron_3035_3045_1,0,11,0.454545455,0
Avengers - Age of Ultron,3111,3121,Avengers_-_Age_of_Ultron_3111_3121_7,0,11,0.090909091,0
Avengers - Age of Ultron,4743,4753,Avengers_-_Age_of_Ultron_4743_4753_3,0,12,0.416666667,0
Avengers - Age of Ultron,4788,4798,Avengers_-_Age_of_Ultron_4788_4798_6,0,12,0.833333333,1
Avengers - Age of Ultron,4874,4884,Avengers_-_Age_of_Ultron_4874_4884_4,0,12,0.75,1
Back To The Future,203,213,Back_To_The_Future_203_213_7,1,11,0.181818182,0
Back To The Future,2325,2335,Back_To_The_Future_2325_2335_5,0,14,0.714285714,1
Back To The Future,3648,3658,Back_To_The_Future_3648_3658_6,0,11,0.818181818,1
Back To The Future,4266,4276,Back_To_The_Future_4266_4276_3,0,15,0.533333333,1
Back To The Future,4494,4504,Back_To_The_Future_4494_4504_1,0,13,0.769230769,1
Back To The Future,4514,4524,Back_To_The_Future_4514_4524_2,0,10,0.6,1
Back To The Future,4968,4978,Back_To_The_Future_4968_4978_4,0,13,0.846153846,1
Basic Instinct,1262,1272,Basic_Instinct_1262_1272_24,1,16,0.25,0
Basic Instinct,1508,1518,Basic_Instinct_1508_1518_28,0,22,0.954545455,1
Basic Instinct,1655,1665,Basic_Instinct_1655_1665_27,0,20,0.95,1
Basic Instinct,2505,2515,Basic_Instinct_2505_2515_25,1,19,0.105263158,0
Basic Instinct,4896,4906,Basic_Instinct_4896_4906_26,1,17,0.176470588,0
Basic Instinct,5821,5831,Basic_Instinct_5821_5831_22,1,17,0.176470588,0
Basic Instinct,620,630,Basic_Instinct_620_630_23,1,19,0.263157895,0
Batman Begins,1243,1253,Batman_Begins_1243_1253_2,0,16,0.1875,0
Batman Begins,1550,1560,Batman_Begins_1550_1560_5,0,14,0.142857143,0
Batman Begins,1805,1815,Batman_Begins_1805_1815_4,0,13,0.076923077,0
Batman Begins,2867,2877,Batman_Begins_2867_2877_7,0,11,0.181818182,0
Batman Begins,3386,3396,Batman_Begins_3386_3396_6,0,14,0.642857143,1
Batman Begins,3574,3584,Batman_Begins_3574_3584_3,0,17,0.470588235,0
Batman Begins,4580,4590,Batman_Begins_4580_4590_1,0,15,0.266666667,0
Being John Malkovich,1608,1618,Being_John_Malkovich_1608_1618_6,1,8,0.375,0
Being John Malkovich,204,214,Being_John_Malkovich_204_214_1,1,8,0.125,0
Being John Malkovich,2547,2557,Being_John_Malkovich_2547_2557_3,0,7,0.285714286,0
Being John Malkovich,3755,3765,Being_John_Malkovich_3755_3765_4,0,8,0,0
Being John Malkovich,4026,4036,Being_John_Malkovich_4026_4036_7,0,7,0.714285714,1
Being John Malkovich,4430,4440,Being_John_Malkovich_4430_4440_5,1,8,0.125,0
Being John Malkovich,760,770,Being_John_Malkovich_760_770_2,1,7,0,0
Birdman,233,243,Birdman_233_243_31,1,9,0.333333333,0
Birdman,2834,2844,Birdman_2834_2844_30,0,6,0.333333333,0
Birdman,2966,2976,Birdman_2966_2976_33,0,7,0.285714286,0
Birdman,3144,3154,Birdman_3144_3154_34,0,8,0.5,0
Birdman,3164,3174,Birdman_3164_3174_29,0,7,0.285714286,0
Birdman,437,447,Birdman_437_447_35,0,8,0.375,0
Birdman,909,919,Birdman_909_919_32,0,7,0.285714286,0
Black Mass,1676,1686,Black_Mass_1676_1686_38,0,4,0.75,1
Black Mass,1866,1876,Black_Mass_1866_1876_41,0,6,0.5,0
Black Mass,2444,2454,Black_Mass_2444_2454_37,0,4,0.75,1
Black Mass,2841,2851,Black_Mass_2841_2851_39,0,6,0.5,0
Black Mass,311,321,Black_Mass_311_321_40,0,6,0.666666667,1
Black Mass,4040,4050,Black_Mass_4040_4050_42,0,7,0.714285714,1
Black Swan,1655,1665,Black_Swan_1655_1665_11,0,13,0.692307692,1
Black Swan,2364,2374,Black_Swan_2364_2374_12,1,12,0.166666667,0
Black Swan,2774,2784,Black_Swan_2774_2784_13,0,13,0.615384615,1
Black Swan,4468,4478,Black_Swan_4468_4478_14,0,14,0.642857143,1
Black Swan,449,459,Black_Swan_449_459_8,0,15,0.533333333,1
Black Swan,863,873,Black_Swan_863_873_9,0,13,0.384615385,0
Black Swan,949,959,Black_Swan_949_959_10,0,14,0.857142857,1
Boyhood,1166,1176,Boyhood_1166_1176_5,0,8,0.375,0
Boyhood,183,193,Boyhood_183_193_7,0,9,0.444444444,0
Boyhood,290,300,Boyhood_290_300_6,0,11,0.181818182,0
Boyhood,3308,3318,Boyhood_3308_3318_2,0,7,0.285714286,0
Boyhood,3860,3870,Boyhood_3860_3870_4,0,7,0.428571429,0
Boyhood,4249,4259,Boyhood_4249_4259_1,0,11,0.272727273,0
Boyhood,507,517,Boyhood_507_517_3,0,10,0.3,0
Chappie,2786,2796,Chappie_2786_2796_48,0,10,0.7,1
Chappie,3119,3129,Chappie_3119_3129_45,1,5,0.2,0
Chappie,4395,4405,Chappie_4395_4405_46,1,5,0.2,0
Chappie,4534,4544,Chappie_4534_4544_47,1,5,0,0
Chappie,513,523,Chappie_513_523_43,0,5,0.2,0
Chappie,6123,6133,Chappie_6123_6133_49,0,9,0.555555556,1
Chappie,866,876,Chappie_866_876_44,1,6,0.666666667,1
Charlies Angels,2085,2095,Charlies_Angels_2085_2095_14,1,9,0,0
Charlies Angels,212,222,Charlies_Angels_212_222_10,0,8,0.375,0
Charlies Angels,2352,2362,Charlies_Angels_2352_2362_8,1,10,0.1,0
Charlies Angels,2449,2459,Charlies_Angels_2449_2459_13,1,10,0.2,0
Charlies Angels,3960,3970,Charlies_Angels_3960_3970_11,1,11,0.090909091,0
Charlies Angels,4215,4225,Charlies_Angels_4215_4225_9,0,16,0.1875,0
Charlies Angels,609,619,Charlies_Angels_609_619_12,0,9,0.111111111,0
Dallas Buyers Club,1800,1810,Dallas_Buyers_Club_1800_1810_52,0,9,1,1
Dallas Buyers Club,1864,1874,Dallas_Buyers_Club_1864_1874_56,0,6,0.833333333,1
Dallas Buyers Club,2811,2821,Dallas_Buyers_Club_2811_2821_55,0,10,0.9,1
Dallas Buyers Club,3696,3706,Dallas_Buyers_Club_3696_3706_50,0,5,0.6,1
Dallas Buyers Club,3723,3733,Dallas_Buyers_Club_3723_3733_54,0,6,0.666666667,1
Dallas Buyers Club,4423,4433,Dallas_Buyers_Club_4423_4433_51,0,6,0.833333333,1
Dallas Buyers Club,4849,4859,Dallas_Buyers_Club_4849_4859_53,0,6,0,0
Dawn of the Planet of the Apes,1791,1801,Dawn_of_the_Planet_of_the_Apes_1791_1801_57,1,10,0.1,0
Dawn of the Planet of the Apes,2194,2204,Dawn_of_the_Planet_of_the_Apes_2194_2204_62,0,15,0.8,1
Dawn of the Planet of the Apes,2304,2314,Dawn_of_the_Planet_of_the_Apes_2304_2314_58,0,10,0.8,1
Dawn of the Planet of the Apes,3987,3997,Dawn_of_the_Planet_of_the_Apes_3987_3997_59,1,11,0.181818182,0
Dawn of the Planet of the Apes,4007,4017,Dawn_of_the_Planet_of_the_Apes_4007_4017_60,1,10,0.1,0
Dawn of the Planet of the Apes,6248,6258,Dawn_of_the_Planet_of_the_Apes_6248_6258_61,0,9,0.555555556,1
Dawn of the Planet of the Apes,6944,6954,Dawn_of_the_Planet_of_the_Apes_6944_6954_63,0,13,0.692307692,1
Dead Poets Society,1851,1861,Dead_Poets_Society_1851_1861_8,0,17,0.588235294,1
Dead Poets Society,2734,2744,Dead_Poets_Society_2734_2744_11,0,12,0.583333333,1
Dead Poets Society,2791,2801,Dead_Poets_Society_2791_2801_12,0,16,0.4375,0
Dead Poets Society,2965,2975,Dead_Poets_Society_2965_2975_10,0,17,0.176470588,0
Dead Poets Society,3461,3471,Dead_Poets_Society_3461_3471_14,0,18,0.666666667,1
Dead Poets Society,4350,4360,Dead_Poets_Society_4350_4360_9,0,13,0.230769231,0
Dead Poets Society,4601,4611,Dead_Poets_Society_4601_4611_13,0,15,0.6,1
Die Hard - Live Free or Die Hard,1757,1767,Die_Hard_-_Live_Free_or_Die_Hard_1757_1767_16,0,7,0.571428571,1
Die Hard - Live Free or Die Hard,1779,1789,Die_Hard_-_Live_Free_or_Die_Hard_1779_1789_21,0,8,0.125,0
Die Hard - Live Free or Die Hard,2020,2030,Die_Hard_-_Live_Free_or_Die_Hard_2020_2030_15,0,5,0.4,0
Die Hard - Live Free or Die Hard,2811,2821,Die_Hard_-_Live_Free_or_Die_Hard_2811_2821_19,1,5,0,0
Die Hard - Live Free or Die Hard,3376,3386,Die_Hard_-_Live_Free_or_Die_Hard_3376_3386_17,0,8,0.75,1
Die Hard - Live Free or Die Hard,4625,4635,Die_Hard_-_Live_Free_or_Die_Hard_4625_4635_18,0,7,0,0
Die Hard - Live Free or Die Hard,793,803,Die_Hard_-_Live_Free_or_Die_Hard_793_803_20,0,7,0.714285714,1
Edge Of Tomorrow,1634,1644,Edge_Of_Tomorrow_1634_1644_70,0,7,0.714285714,1
Edge Of Tomorrow,1937,1947,Edge_Of_Tomorrow_1937_1947_68,0,9,0.333333333,0
Edge Of Tomorrow,3668,3678,Edge_Of_Tomorrow_3668_3678_69,0,12,0.666666667,1
Edge Of Tomorrow,3702,3712,Edge_Of_Tomorrow_3702_3712_67,0,13,0.923076923,1
Edge Of Tomorrow,4366,4376,Edge_Of_Tomorrow_4366_4376_66,0,8,0.5,0
Edge Of Tomorrow,4397,4407,Edge_Of_Tomorrow_4397_4407_65,0,12,0.416666667,0
Edge Of Tomorrow,4831,4841,Edge_Of_Tomorrow_4831_4841_64,0,7,0.428571429,0
Elysium,1211,1221,Elysium_1211_1221_2,0,7,0.285714286,0
Elysium,1903,1913,Elysium_1903_1913_3,0,7,0.571428571,1
Elysium,2280,2290,Elysium_2280_2290_7,0,9,0.555555556,1
Elysium,2296,2306,Elysium_2296_2306_1,0,9,0.666666667,1
Elysium,2309,2319,Elysium_2309_2319_4,0,7,0.285714286,0
Elysium,3221,3231,Elysium_3221_3231_5,0,9,0.222222222,0
Elysium,4074,4084,Elysium_4074_4084_6,0,8,0.5,0
Ex Machina,1434,1444,Ex_Machina_1434_1444_75,0,7,0.571428571,1
Ex Machina,1639,1649,Ex_Machina_1639_1649_76,0,9,1,1
Ex Machina,1875,1885,Ex_Machina_1875_1885_74,0,6,1,1
Ex Machina,2041,2051,Ex_Machina_2041_2051_73,0,6,0.833333333,1
Ex Machina,323,333,Ex_Machina_323_333_77,0,8,0.75,1
Ex Machina,3835,3845,Ex_Machina_3835_3845_72,0,6,0.333333333,0
Ex Machina,3933,3943,Ex_Machina_3933_3943_71,0,8,0.75,1
Fantastic Beasts and Where to Find Them,1098,1108,Fantastic_Beasts_and_Where_to_Find_Them_1098_1108_79,0,13,0.846153846,1
Fantastic Beasts and Where to Find Them,1590,1600,Fantastic_Beasts_and_Where_to_Find_Them_1590_1600_84,1,8,0.375,0
Fantastic Beasts and Where to Find Them,2475,2485,Fantastic_Beasts_and_Where_to_Find_Them_2475_2485_82,0,9,0.666666667,1
Fantastic Beasts and Where to Find Them,3812,3822,Fantastic_Beasts_and_Where_to_Find_Them_3812_3822_83,0,10,0.9,1
Fantastic Beasts and Where to Find Them,3840,3850,Fantastic_Beasts_and_Where_to_Find_Them_3840_3850_81,0,9,0.777777778,1
Fantastic Beasts and Where to Find Them,3859,3869,Fantastic_Beasts_and_Where_to_Find_Them_3859_3869_80,0,9,0.777777778,1
Fantastic Beasts and Where to Find Them,4055,4065,Fantastic_Beasts_and_Where_to_Find_Them_4055_4065_78,0,9,0.777777778,1
Fantastic Four 1,1715,1725,Fantastic_Four_1_1715_1725_5,1,12,0.416666667,0
Fantastic Four 1,1786,1796,Fantastic_Four_1_1786_1796_6,0,11,0.636363636,1
Fantastic Four 1,1985,1995,Fantastic_Four_1_1985_1995_4,0,12,0.916666667,1
Fantastic Four 1,3365,3375,Fantastic_Four_1_3365_3375_2,1,10,0,0
Fantastic Four 1,4248,4258,Fantastic_Four_1_4248_4258_3,0,14,0.785714286,1
Fantastic Four 1,4720,4730,Fantastic_Four_1_4720_4730_1,0,13,0.153846154,0
Fantastic Four 1,4883,4893,Fantastic_Four_1_4883_4893_7,0,13,0.461538462,0
Fargo,1978,1988,Fargo_1978_1988_11,1,6,0.333333333,0
Fargo,2053,2063,Fargo_2053_2063_13,1,5,0.4,0
Fargo,3038,3048,Fargo_3038_3048_14,1,7,0.142857143,0
Fargo,3056,3066,Fargo_3056_3066_12,0,5,0.4,0
Fargo,3280,3290,Fargo_3280_3290_8,0,6,0.166666667,0
Fargo,649,659,Fargo_649_659_9,0,9,0.777777778,1
Fargo,987,997,Fargo_987_997_10,0,7,0.285714286,0
Fight Club,1188,1198,Fight_Club_1188_1198_17,0,14,0.285714286,0
Fight Club,219,229,Fight_Club_219_229_15,0,13,0.076923077,0
Fight Club,2235,2245,Fight_Club_2235_2245_18,0,13,0.538461538,1
Fight Club,2285,2295,Fight_Club_2285_2295_19,0,14,0.142857143,0
Fight Club,2645,2655,Fight_Club_2645_2655_20,0,15,0.466666667,0
Fight Club,346,356,Fight_Club_346_356_16,0,15,0.266666667,0
Fight Club,7330,7340,Fight_Club_7330_7340_21,0,14,0.357142857,0
Forrest Gump,1115,1125,Forrest_Gump_1115_1125_25,1,20,0.5,0
Forrest Gump,129,139,Forrest_Gump_129_139_22,1,21,0.571428571,1
Forrest Gump,1782,1792,Forrest_Gump_1782_1792_28,1,18,0.333333333,0
Forrest Gump,332,342,Forrest_Gump_332_342_24,0,19,0.421052632,0
Forrest Gump,335,345,Forrest_Gump_335_345_23,0,19,0.421052632,0
Forrest Gump,6138,6148,Forrest_Gump_6138_6148_26,0,20,0.45,0
Forrest Gump,975,985,Forrest_Gump_975_985_27,0,18,0.888888889,1
GoodFellas,1077,1087,GoodFellas_1077_1087_21,0,9,0.666666667,1
GoodFellas,121,131,GoodFellas_121_131_18,0,8,0.5,0
GoodFellas,1384,1394,GoodFellas_1384_1394_16,0,9,0.777777778,1
GoodFellas,2632,2642,GoodFellas_2632_2642_15,0,8,0.375,0
GoodFellas,3781,3791,GoodFellas_3781_3791_19,1,10,0,0
GoodFellas,4311,4321,GoodFellas_4311_4321_17,0,9,0.444444444,0
GoodFellas,4578,4588,GoodFellas_4578_4588_20,0,8,0.625,1
Harry Potter 1 and the Sorcerer Stone,1027,1037,Harry_Potter_1_and_the_Sorcerer_Stone_1027_1037_33,0,19,0.526315789,1
Harry Potter 1 and the Sorcerer Stone,1251,1261,Harry_Potter_1_and_the_Sorcerer_Stone_1251_1261_35,0,15,0.666666667,1
Harry Potter 1 and the Sorcerer Stone,466,476,Harry_Potter_1_and_the_Sorcerer_Stone_466_476_30,0,16,0.5625,1
Harry Potter 1 and the Sorcerer Stone,570,580,Harry_Potter_1_and_the_Sorcerer_Stone_570_580_29,0,19,0.736842105,1
Harry Potter 1 and the Sorcerer Stone,6480,6490,Harry_Potter_1_and_the_Sorcerer_Stone_6480_6490_31,0,17,0.411764706,0
Harry Potter 1 and the Sorcerer Stone,7946,7956,Harry_Potter_1_and_the_Sorcerer_Stone_7946_7956_34,0,20,0.75,1
Harry Potter 1 and the Sorcerer Stone,8504,8514,Harry_Potter_1_and_the_Sorcerer_Stone_8504_8514_32,0,20,0.55,1
Harry Potter 7 - and the Deathly Hallows - Part 1,1563,1573,Harry_Potter_7_-_and_the_Deathly_Hallows_-_Part_1_1563_1573_1,0,11,0.181818182,0
Harry Potter 7 - and the Deathly Hallows - Part 1,1808,1818,Harry_Potter_7_-_and_the_Deathly_Hallows_-_Part_1_1808_1818_2,0,14,0.428571429,0
Harry Potter 7 - and the Deathly Hallows - Part 1,1966,1976,Harry_Potter_7_-_and_the_Deathly_Hallows_-_Part_1_1966_1976_5,0,12,0.583333333,1
Harry Potter 7 - and the Deathly Hallows - Part 1,2298,2308,Harry_Potter_7_-_and_the_Deathly_Hallows_-_Part_1_2298_2308_3,0,14,0.428571429,0
Harry Potter 7 - and the Deathly Hallows - Part 1,3257,3267,Harry_Potter_7_-_and_the_Deathly_Hallows_-_Part_1_3257_3267_4,0,12,0.083333333,0
Harry Potter 7 - and the Deathly Hallows - Part 1,3944,3954,Harry_Potter_7_-_and_the_Deathly_Hallows_-_Part_1_3944_3954_6,1,15,0.2,0
Harry Potter 7 - and the Deathly Hallows - Part 1,4227,4237,Harry_Potter_7_-_and_the_Deathly_Hallows_-_Part_1_4227_4237_7,0,15,0.4,0
Harry Potter 7 and the Deathly Hallows Part 2,1172,1182,Harry_Potter_7_and_the_Deathly_Hallows_Part_2_1172_1182_25,0,12,0.25,0
Harry Potter 7 and the Deathly Hallows Part 2,1403,1413,Harry_Potter_7_and_the_Deathly_Hallows_Part_2_1403_1413_26,0,10,0.5,0
Harry Potter 7 and the Deathly Hallows Part 2,178,188,Harry_Potter_7_and_the_Deathly_Hallows_Part_2_178_188_24,0,13,0.615384615,1
Harry Potter 7 and the Deathly Hallows Part 2,3342,3352,Harry_Potter_7_and_the_Deathly_Hallows_Part_2_3342_3352_23,0,10,0.7,1
Harry Potter 7 and the Deathly Hallows Part 2,3527,3537,Harry_Potter_7_and_the_Deathly_Hallows_Part_2_3527_3537_28,0,11,0.454545455,0
Harry Potter 7 and the Deathly Hallows Part 2,4695,4705,Harry_Potter_7_and_the_Deathly_Hallows_Part_2_4695_4705_27,0,12,0.583333333,1
Harry Potter 7 and the Deathly Hallows Part 2,896,906,Harry_Potter_7_and_the_Deathly_Hallows_Part_2_896_906_22,0,15,0.666666667,1
Hook,1330,1340,Hook_1330_1340_43,1,7,0,0
Hook,1457,1467,Hook_1457_1467_46,0,6,0.166666667,0
Hook,1620,1630,Hook_1620_1630_45,0,10,0,0
Hook,1935,1945,Hook_1935_1945_44,0,5,0.8,1
Hook,2391,2401,Hook_2391_2401_47,0,7,0.428571429,0
Hook,3467,3477,Hook_3467_3477_48,0,4,0.75,1
Hook,3993,4003,Hook_3993_4003_49,0,6,0.5,0
I am legend,2399,2409,I_am_legend_2399_2409_51,0,9,0.666666667,1
I am legend,2593,2603,I_am_legend_2593_2603_53,0,11,0.818181818,1
I am legend,2987,2997,I_am_legend_2987_2997_50,0,11,0.636363636,1
I am legend,3173,3183,I_am_legend_3173_3183_52,0,12,0.5,0
I am legend,4635,4645,I_am_legend_4635_4645_56,0,13,0.384615385,0
I am legend,761,771,I_am_legend_761_771_55,1,10,0.5,0
I am legend,902,912,I_am_legend_902_912_54,1,9,0.333333333,0
Inception,1150,1160,Inception_1150_1160_39,1,14,0.071428571,0
Inception,2690,2700,Inception_2690_2700_41,0,14,0.5,0
Inception,2715,2725,Inception_2715_2725_40,0,15,0.533333333,1
Inception,275,285,Inception_275_285_36,0,14,0.428571429,0
Inception,579,589,Inception_579_589_37,0,12,0.166666667,0
Inception,610,620,Inception_610_620_38,0,12,0.333333333,0
Inception,7216,7226,Inception_7216_7226_42,0,15,0.6,1
Interstellar,1778,1788,Interstellar_1778_1788_97,0,14,0.571428571,1
Interstellar,1885,1895,Interstellar_1885_1895_98,0,15,0.533333333,1
Interstellar,2577,2587,Interstellar_2577_2587_95,0,14,0.642857143,1
Interstellar,3084,3094,Interstellar_3084_3094_92,0,15,0.466666667,0
Interstellar,325,335,Interstellar_325_335_94,0,13,0.538461538,1
Interstellar,4009,4019,Interstellar_4009_4019_93,0,11,0.636363636,1
Interstellar,4330,4340,Interstellar_4330_4340_96,0,13,0.846153846,1
James Bond - Casino Royale,1007,1017,James_Bond_-_Casino_Royale_1007_1017_2,1,15,0.333333333,0
James Bond - Casino Royale,1570,1580,James_Bond_-_Casino_Royale_1570_1580_6,0,13,0.153846154,0
James Bond - Casino Royale,1908,1918,James_Bond_-_Casino_Royale_1908_1918_4,0,16,0.6875,1
James Bond - Casino Royale,2109,2119,James_Bond_-_Casino_Royale_2109_2119_3,0,13,0.461538462,0
James Bond - Casino Royale,2120,2130,James_Bond_-_Casino_Royale_2120_2130_7,0,11,0.545454545,1
James Bond - Casino Royale,2127,2137,James_Bond_-_Casino_Royale_2127_2137_5,0,9,0.444444444,0
James Bond - Casino Royale,3229,3239,James_Bond_-_Casino_Royale_3229_3239_1,0,12,0.5,0
James Bond - Die Another Day,1524,1534,James_Bond_-_Die_Another_Day_1524_1534_12,0,12,0.166666667,0
James Bond - Die Another Day,168,178,James_Bond_-_Die_Another_Day_168_178_8,0,12,0,0
James Bond - Die Another Day,2169,2179,James_Bond_-_Die_Another_Day_2169_2179_13,0,14,0.928571429,1
James Bond - Die Another Day,2219,2229,James_Bond_-_Die_Another_Day_2219_2229_14,0,12,0.833333333,1
James Bond - Die Another Day,4176,4186,James_Bond_-_Die_Another_Day_4176_4186_10,0,10,0.6,1
James Bond - Die Another Day,4501,4511,James_Bond_-_Die_Another_Day_4501_4511_9,0,15,0.333333333,0
James Bond - Die Another Day,544,554,James_Bond_-_Die_Another_Day_544_554_11,0,12,0.25,0
Jurassic World,1036,1046,Jurassic_World_1036_1046_112,0,10,0.5,0
Jurassic World,1383,1393,Jurassic_World_1383_1393_110,0,13,0.230769231,0
Jurassic World,2066,2076,Jurassic_World_2066_2076_107,0,11,0.454545455,0
Jurassic World,3667,3677,Jurassic_World_3667_3677_108,0,12,0.416666667,0
Jurassic World,3689,3699,Jurassic_World_3689_3699_106,0,13,0.615384615,1
Jurassic World,3708,3718,Jurassic_World_3708_3718_109,0,13,0.538461538,1
Jurassic World,4204,4214,Jurassic_World_4204_4214_111,0,12,0.416666667,0
King Arthur,2500,2510,King_Arthur_2500_2510_25,0,10,0.4,0
King Arthur,3056,3066,King_Arthur_3056_3066_26,0,8,0.625,1
King Arthur,3100,3110,King_Arthur_3100_3110_28,1,10,0.2,0
King Arthur,3207,3217,King_Arthur_3207_3217_22,0,7,0.428571429,0
King Arthur,3283,3293,King_Arthur_3283_3293_23,0,6,0.833333333,1
King Arthur,4139,4149,King_Arthur_4139_4149_27,0,9,0.222222222,0
King Arthur,918,928,King_Arthur_918_928_24,0,8,0.25,0
Legally Blond,1329,1339,Legally_Blond_1329_1339_30,0,5,0.6,1
Legally Blond,1553,1563,Legally_Blond_1553_1563_31,0,8,0.375,0
Legally Blond,3656,3666,Legally_Blond_3656_3666_35,0,8,0.625,1
Legally Blond,3921,3931,Legally_Blond_3921_3931_34,0,10,0.2,0
Legally Blond,413,423,Legally_Blond_413_423_29,0,9,0.333333333,0
Legally Blond,4248,4258,Legally_Blond_4248_4258_32,0,10,0.5,0
Legally Blond,4653,4663,Legally_Blond_4653_4663_33,0,7,0.857142857,1
Leon,102,112,Leon_102_112_30,0,12,0.25,0
Leon,161,171,Leon_161_171_31,1,10,0.1,0
Leon,1750,1760,Leon_1750_1760_35,0,14,1,1
Leon,2465,2475,Leon_2465_2475_36,0,13,0.923076923,1
Leon,3814,3824,Leon_3814_3824_33,1,13,0.615384615,1
Leon,4925,4935,Leon_4925_4935_34,1,9,0.555555556,1
Leon,551,561,Leon_551_561_32,1,14,0.214285714,0
Liberty Heights,3236,3246,Liberty_Heights_3236_3246_1,1,4,1,1
Mad Max Fury Road,1219,1229,Mad_Max_Fury_Road_1219_1229_116,0,11,0.636363636,1
Mad Max Fury Road,1223,1233,Mad_Max_Fury_Road_1223_1233_117,0,10,0.7,1
Mad Max Fury Road,1894,1904,Mad_Max_Fury_Road_1894_1904_115,0,6,0.5,0
Mad Max Fury Road,2557,2567,Mad_Max_Fury_Road_2557_2567_118,0,7,1,1
Mad Max Fury Road,4109,4119,Mad_Max_Fury_Road_4109_4119_119,0,9,0.777777778,1
Mad Max Fury Road,495,505,Mad_Max_Fury_Road_495_505_114,0,9,0.777777778,1
Mad Max Fury Road,4986,4996,Mad_Max_Fury_Road_4986_4996_113,0,7,0,0
Meet Joe Black,3185,3195,Meet_Joe_Black_3185_3195_6,0,10,0.8,1
Meet Joe Black,3533,3543,Meet_Joe_Black_3533_3543_5,0,8,0.375,0
Meet Joe Black,4450,4460,Meet_Joe_Black_4450_4460_1,0,8,0.5,0
Meet Joe Black,4650,4660,Meet_Joe_Black_4650_4660_2,0,6,1,1
Meet Joe Black,4933,4943,Meet_Joe_Black_4933_4943_4,0,9,0.777777778,1
Meet Joe Black,803,813,Meet_Joe_Black_803_813_3,0,11,0.545454545,1
Meet Joe Black,986,996,Meet_Joe_Black_986_996_7,0,8,0.25,0
Memento,1165,1175,Memento_1165_1175_120,0,11,0.272727273,0
Memento,1520,1530,Memento_1520_1530_124,0,9,0.222222222,0
Memento,172,182,Memento_172_182_125,0,11,0.636363636,1
Memento,1844,1854,Memento_1844_1854_121,1,10,0.1,0
Memento,2031,2041,Memento_2031_2041_126,0,10,0.6,1
Memento,2869,2879,Memento_2869_2879_123,1,10,0.2,0
Memento,3104,3114,Memento_3104_3114_122,1,10,0,0
Men in Black,184,194,Men_in_Black_184_194_1,1,13,0.230769231,0
Men in Black,1860,1870,Men_in_Black_1860_1870_6,0,14,0.642857143,1
Men in Black,2306,2316,Men_in_Black_2306_2316_7,0,14,0.428571429,0
Men in Black,2317,2327,Men_in_Black_2317_2327_2,0,12,0.583333333,1
Men in Black,2456,2466,Men_in_Black_2456_2466_3,1,15,0,0
Men in Black,3584,3594,Men_in_Black_3584_3594_5,1,17,0.058823529,0
Men in Black,699,709,Men_in_Black_699_709_4,0,14,0,0
Midnight express,1367,1377,Midnight_express_1367_1377_11,0,14,0,0
Midnight express,219,229,Midnight_express_219_229_8,0,14,0.357142857,0
Midnight express,3371,3381,Midnight_express_3371_3381_12,1,17,0.235294118,0
Midnight express,523,533,Midnight_express_523_533_13,0,10,0.9,1
Midnight express,585,595,Midnight_express_585_595_9,0,16,0.3125,0
Midnight express,629,639,Midnight_express_629_639_10,0,12,0.333333333,0
Midnight express,6610,6620,Midnight_express_6610_6620_14,0,13,0.692307692,1
Misery,1114,1124,Misery_1114_1124_17,1,6,0.166666667,0
Misery,1637,1647,Misery_1637_1647_20,0,7,1,1
Misery,2130,2140,Misery_2130_2140_21,0,7,1,1
Misery,3331,3341,Misery_3331_3341_18,1,5,0.6,1
Misery,4921,4931,Misery_4921_4931_19,0,5,0,0
Misery,649,659,Misery_649_659_15,0,6,0.166666667,0
Misery,715,725,Misery_715_725_16,0,7,0.428571429,0
National treasure - Book of Secrets,1571,1581,National_treasure_-_Book_of_Secrets_1571_1581_127,0,7,0.285714286,0
National treasure - Book of Secrets,2280,2290,National_treasure_-_Book_of_Secrets_2280_2290_132,0,8,0.625,1
National treasure - Book of Secrets,3257,3267,National_treasure_-_Book_of_Secrets_3257_3267_128,0,6,0.166666667,0
National treasure - Book of Secrets,3340,3350,National_treasure_-_Book_of_Secrets_3340_3350_131,0,7,0.428571429,0
National treasure - Book of Secrets,479,489,National_treasure_-_Book_of_Secrets_479_489_133,0,7,0.428571429,0
National treasure - Book of Secrets,4969,4979,National_treasure_-_Book_of_Secrets_4969_4979_130,0,6,0.166666667,0
National treasure - Book of Secrets,631,641,National_treasure_-_Book_of_Secrets_631_641_129,0,7,0,0
National treasure 1,1733,1743,National_treasure_1_1733_1743_134,1,10,0.2,0
National treasure 1,3382,3392,National_treasure_1_3382_3392_135,1,12,0.166666667,0
National treasure 1,6390,6400,National_treasure_1_6390_6400_139,0,14,0.357142857,0
National treasure 1,645,655,National_treasure_1_645_655_138,1,13,0.307692308,0
National treasure 1,6879,6889,National_treasure_1_6879_6889_140,0,9,0.333333333,0
National treasure 1,870,880,National_treasure_1_870_880_136,0,11,0.272727273,0
National treasure 1,932,942,National_treasure_1_932_942_137,0,9,0.333333333,0
Never Let Me Go,1409,1419,Never_Let_Me_Go_1409_1419_5,1,5,0.6,1
Never Let Me Go,1874,1884,Never_Let_Me_Go_1874_1884_7,0,6,0.166666667,0
Never Let Me Go,3111,3121,Never_Let_Me_Go_3111_3121_3,0,6,0.166666667,0
Never Let Me Go,3289,3299,Never_Let_Me_Go_3289_3299_1,1,6,0.833333333,1
Never Let Me Go,3344,3354,Never_Let_Me_Go_3344_3354_6,0,6,0.333333333,0
Never Let Me Go,3588,3598,Never_Let_Me_Go_3588_3598_4,0,6,0.166666667,0
Never Let Me Go,4169,4179,Never_Let_Me_Go_4169_4179_2,0,6,0.333333333,0
Oz the Great and Powerful,4221,4231,Oz_the_Great_and_Powerful_4221_4231_84,0,6,0.833333333,1
Paranoia,2260,2270,Paranoia_2260_2270_144,0,7,0.571428571,1
Paranoia,2571,2581,Paranoia_2571_2581_142,0,6,0.333333333,0
Paranoia,2696,2706,Paranoia_2696_2706_147,0,6,0.333333333,0
Paranoia,2884,2894,Paranoia_2884_2894_143,1,6,0.166666667,0
Paranoia,3224,3234,Paranoia_3224_3234_145,0,5,0.6,1
Paranoia,348,358,Paranoia_348_358_141,0,7,0.571428571,1
Paranoia,3736,3746,Paranoia_3736_3746_146,0,7,0.714285714,1
Perfume The Story Of A Murderer,1248,1258,Perfume_The_Story_Of_A_Murderer_1248_1258_20,0,7,0.857142857,1
Perfume The Story Of A Murderer,4111,4121,Perfume_The_Story_Of_A_Murderer_4111_4121_17,1,6,0,0
Perfume The Story Of A Murderer,4437,4447,Perfume_The_Story_Of_A_Murderer_4437_4447_18,0,5,0.8,1
Perfume The Story Of A Murderer,4654,4664,Perfume_The_Story_Of_A_Murderer_4654_4664_19,0,8,0.5,0
Perfume The Story Of A Murderer,4960,4970,Perfume_The_Story_Of_A_Murderer_4960_4970_16,1,8,0,0
Perfume The Story Of A Murderer,7750,7760,Perfume_The_Story_Of_A_Murderer_7750_7760_21,0,7,0.714285714,1
Perfume The Story Of A Murderer,931,941,Perfume_The_Story_Of_A_Murderer_931_941_15,0,7,0.714285714,1
Pirates of the Carribean - The curse of the Black Pearl,1023,1033,Pirates_of_the_Carribean_-_The_curse_of_the_Black_Pearl_1023_1033_28,0,21,0.714285714,1
Pirates of the Carribean - The curse of the Black Pearl,2654,2664,Pirates_of_the_Carribean_-_The_curse_of_the_Black_Pearl_2654_2664_24,0,17,0.764705882,1
Pirates of the Carribean - The curse of the Black Pearl,2697,2707,Pirates_of_the_Carribean_-_The_curse_of_the_Black_Pearl_2697_2707_1,0,18,0.722222222,1
Pirates of the Carribean - The curse of the Black Pearl,277,287,Pirates_of_the_Carribean_-_The_curse_of_the_Black_Pearl_277_287_7,0,22,0.409090909,0
Pirates of the Carribean - The curse of the Black Pearl,3156,3166,Pirates_of_the_Carribean_-_The_curse_of_the_Black_Pearl_3156_3166_4,0,18,0.388888889,0
Pirates of the Carribean - The curse of the Black Pearl,3486,3496,Pirates_of_the_Carribean_-_The_curse_of_the_Black_Pearl_3486_3496_5,0,19,0.789473684,1
Pirates of the Carribean - The curse of the Black Pearl,474,484,Pirates_of_the_Carribean_-_The_curse_of_the_Black_Pearl_474_484_27,0,17,0.705882353,1
Pride,1587,1597,Pride_1587_1597_8,0,6,0.333333333,0
Pride,2950,2960,Pride_2950_2960_11,0,7,0.714285714,1
Pride,3345,3355,Pride_3345_3355_12,0,6,0.5,0
Pride,450,460,Pride_450_460_9,0,6,0.833333333,1
Pride,4690,4700,Pride_4690_4700_10,0,6,0.666666667,1
Pride,637,647,Pride_637_647_13,0,7,0.714285714,1
Pride,972,982,Pride_972_982_14,0,7,0.571428571,1
Primal Fear,1510,1520,Primal_Fear_1510_1520_150,0,5,0.6,1
Primal Fear,2840,2850,Primal_Fear_2840_2850_151,0,6,0.666666667,1
Primal Fear,2927,2937,Primal_Fear_2927_2937_153,0,5,0.8,1
Primal Fear,3796,3806,Primal_Fear_3796_3806_148,0,7,0.142857143,0
Primal Fear,398,408,Primal_Fear_398_408_152,1,7,0.142857143,0
Primal Fear,4386,4396,Primal_Fear_4386_4396_154,0,5,1,1
Primal Fear,628,638,Primal_Fear_628_638_149,0,5,0.2,0
Red,2412,2422,Red_2412_2422_7,0,7,0.285714286,0
Red,361,371,Red_361_371_6,0,7,0.285714286,0
Red,3932,3942,Red_3932_3942_1,0,6,0.333333333,0
Red,4162,4172,Red_4162_4172_2,0,7,0,0
Red,4431,4441,Red_4431_4441_3,0,7,0.571428571,1
Red,914,924,Red_914_924_4,1,6,0.333333333,0
Red,950,960,Red_950_960_5,0,5,0,0
Reservoir Dogs,1534,1544,Reservoir_Dogs_1534_1544_37,0,12,0.166666667,0
Reservoir Dogs,2190,2200,Reservoir_Dogs_2190_2200_38,0,10,0.2,0
Reservoir Dogs,3216,3226,Reservoir_Dogs_3216_3226_41,0,10,1,1
Reservoir Dogs,3684,3694,Reservoir_Dogs_3684_3694_39,0,13,0.307692308,0
Reservoir Dogs,4182,4192,Reservoir_Dogs_4182_4192_40,0,13,0,0
Reservoir Dogs,4410,4420,Reservoir_Dogs_4410_4420_36,1,12,0,0
Reservoir Dogs,4688,4698,Reservoir_Dogs_4688_4698_42,0,12,0.333333333,0
Resident Evil 1,1775,1785,Resident_Evil_1_1775_1785_10,0,6,0.5,0
Resident Evil 1,3328,3338,Resident_Evil_1_3328_3338_13,0,4,0,0
Resident Evil 1,3667,3677,Resident_Evil_1_3667_3677_11,0,6,0.333333333,0
Resident Evil 1,4072,4082,Resident_Evil_1_4072_4082_14,0,5,0.4,0
Resident Evil 1,4385,4395,Resident_Evil_1_4385_4395_8,1,5,0.2,0
Resident Evil 1,468,478,Resident_Evil_1_468_478_12,1,4,0,0
Room,1314,1324,Room_1314_1324_165,1,7,0.428571429,0
Room,1339,1349,Room_1339_1349_163,0,6,0.666666667,1
Room,1784,1794,Room_1784_1794_166,0,7,0.571428571,1
Room,1906,1916,Room_1906_1916_168,0,5,0.6,1
Room,2123,2133,Room_2123_2133_167,0,8,0.625,1
Room,2919,2929,Room_2919_2929_162,0,5,0.4,0
Room,4092,4102,Room_4092_4102_164,0,6,0.5,0
Saving Mr Banks,1717,1727,Saving_Mr_Banks_1717_1727_5,0,4,0.25,0
Saving Mr Banks,4408,4418,Saving_Mr_Banks_4408_4418_3,0,4,0,0
Saving Mr Banks,802,812,Saving_Mr_Banks_802_812_7,0,4,0.5,0
Slumdog Millionaire,1131,1141,Slumdog_Millionaire_1131_1141_45,0,16,0.625,1
Slumdog Millionaire,1915,1925,Slumdog_Millionaire_1915_1925_46,0,15,0.4,0
Slumdog Millionaire,245,255,Slumdog_Millionaire_245_255_43,0,15,0.4,0
Slumdog Millionaire,3334,3344,Slumdog_Millionaire_3334_3344_47,0,22,0.545454545,1
Slumdog Millionaire,4220,4230,Slumdog_Millionaire_4220_4230_48,0,16,0.75,1
Slumdog Millionaire,450,460,Slumdog_Millionaire_450_460_44,0,18,0.833333333,1
Slumdog Millionaire,6491,6501,Slumdog_Millionaire_6491_6501_49,0,22,0.863636364,1
Snake Eyes,2813,2823,Snake_Eyes_2813_2823_174,1,4,0.25,0
Snake Eyes,3294,3304,Snake_Eyes_3294_3304_170,1,5,0,0
Snake Eyes,3692,3702,Snake_Eyes_3692_3702_171,0,6,0.5,0
Snowpiercer,1055,1065,Snowpiercer_1055_1065_181,0,10,0.4,0
Snowpiercer,1204,1214,Snowpiercer_1204_1214_177,0,8,0.625,1
Snowpiercer,1391,1401,Snowpiercer_1391_1401_182,0,6,0.333333333,0
Snowpiercer,2494,2504,Snowpiercer_2494_2504_180,0,6,0.666666667,1
Snowpiercer,2718,2728,Snowpiercer_2718_2728_179,0,6,0.166666667,0
Snowpiercer,4450,4460,Snowpiercer_4450_4460_176,0,6,0,0
Snowpiercer,475,485,Snowpiercer_475_485_178,0,7,0.571428571,1
Spring Breakers,1338,1348,Spring_Breakers_1338_1348_7,0,7,0.714285714,1
Spring Breakers,1870,1880,Spring_Breakers_1870_1880_4,0,5,0.4,0
Spring Breakers,2483,2493,Spring_Breakers_2483_2493_2,0,5,0.4,0
Spring Breakers,2912,2922,Spring_Breakers_2912_2922_6,0,8,0.375,0
Spring Breakers,3810,3820,Spring_Breakers_3810_3820_3,0,6,0.833333333,1
Spring Breakers,401,411,Spring_Breakers_401_411_1,0,7,0.142857143,0
Spring Breakers,4097,4107,Spring_Breakers_4097_4107_5,1,7,0,0
Terminator 2 - Judgement Day,1300,1310,Terminator_2_-_Judgement_Day_1300_1310_7,1,13,0.230769231,0
Terminator 2 - Judgement Day,2438,2448,Terminator_2_-_Judgement_Day_2438_2448_3,0,13,0.230769231,0
Terminator 2 - Judgement Day,3910,3920,Terminator_2_-_Judgement_Day_3910_3920_2,0,12,0.583333333,1
Terminator 2 - Judgement Day,4068,4078,Terminator_2_-_Judgement_Day_4068_4078_5,0,15,0.6,1
Terminator 2 - Judgement Day,4757,4767,Terminator_2_-_Judgement_Day_4757_4767_4,1,13,0.076923077,0
Terminator 2 - Judgement Day,566,576,Terminator_2_-_Judgement_Day_566_576_1,0,16,0.6875,1
Terminator 2 - Judgement Day,728,738,Terminator_2_-_Judgement_Day_728_738_6,0,14,0.5,0
The Bourne Identity,1297,1307,The_Bourne_Identity_1297_1307_13,0,17,0.294117647,0
The Bourne Identity,2139,2149,The_Bourne_Identity_2139_2149_8,0,13,0.384615385,0
The Bourne Identity,2295,2305,The_Bourne_Identity_2295_2305_9,0,10,0.1,0
The Bourne Identity,2567,2577,The_Bourne_Identity_2567_2577_10,0,13,0.538461538,1
The Bourne Identity,2639,2649,The_Bourne_Identity_2639_2649_12,0,15,0.533333333,1
The Bourne Identity,4478,4488,The_Bourne_Identity_4478_4488_11,0,13,0.153846154,0
The Bourne Identity,4563,4573,The_Bourne_Identity_4563_4573_14,0,15,0.2,0
The Bourne Ultimatum,1245,1255,The_Bourne_Ultimatum_1245_1255_53,0,9,0.444444444,0
The Bourne Ultimatum,1266,1276,The_Bourne_Ultimatum_1266_1276_54,0,13,0.846153846,1
The Bourne Ultimatum,1349,1359,The_Bourne_Ultimatum_1349_1359_55,0,7,0.714285714,1
The Bourne Ultimatum,5257,5267,The_Bourne_Ultimatum_5257_5267_50,0,10,0.4,0
The Bourne Ultimatum,574,584,The_Bourne_Ultimatum_574_584_56,0,11,0.272727273,0
The Bourne Ultimatum,6145,6155,The_Bourne_Ultimatum_6145_6155_51,0,12,0.416666667,0
The Bourne Ultimatum,6248,6258,The_Bourne_Ultimatum_6248_6258_52,1,10,0,0
The Dark Knight Rises,275,285,The_Dark_Knight_Rises_275_285_24,1,18,0.333333333,0
The Dark Knight Rises,2822,2832,The_Dark_Knight_Rises_2822_2832_25,0,14,0.357142857,0
The Dark Knight Rises,3827,3837,The_Dark_Knight_Rises_3827_3837_23,0,15,0.666666667,1
The Dark Knight Rises,4435,4445,The_Dark_Knight_Rises_4435_4445_26,0,16,0.6875,1
The Dark Knight Rises,4669,4679,The_Dark_Knight_Rises_4669_4679_22,0,13,0.692307692,1
The Dark Knight Rises,4873,4883,The_Dark_Knight_Rises_4873_4883_28,0,17,0.294117647,0
The Dark Knight Rises,797,807,The_Dark_Knight_Rises_797_807_27,0,15,0.733333333,1
The Departed,1368,1378,The_Departed_1368_1378_198,0,10,0.3,0
The Departed,1723,1733,The_Departed_1723_1733_199,1,12,0.083333333,0
The Departed,2280,2290,The_Departed_2280_2290_202,0,9,0.444444444,0
The Departed,269,279,The_Departed_269_279_197,0,12,0.5,0
The Departed,4050,4060,The_Departed_4050_4060_200,0,10,0.5,0
The Departed,4070,4080,The_Departed_4070_4080_201,1,8,0,0
The Departed,8022,8032,The_Departed_8022_8032_203,1,11,0.090909091,0
The Fifth Element,1276,1286,The_Fifth_Element_1276_1286_34,0,15,0.733333333,1
The Fifth Element,1292,1302,The_Fifth_Element_1292_1302_31,0,14,0.642857143,1
The Fifth Element,2302,2312,The_Fifth_Element_2302_2312_35,0,13,0.923076923,1
The Fifth Element,2801,2811,The_Fifth_Element_2801_2811_32,0,12,0.833333333,1
The Fifth Element,3267,3277,The_Fifth_Element_3267_3277_30,0,12,0.666666667,1
The Fifth Element,3836,3846,The_Fifth_Element_3836_3846_29,0,14,0.714285714,1
The Fifth Element,4644,4654,The_Fifth_Element_4644_4654_33,0,10,0.9,1
The Great Gatsby,1716,1726,The_Great_Gatsby_1716_1726_9,0,13,0.923076923,1
The Great Gatsby,239,249,The_Great_Gatsby_239_249_11,0,13,0.230769231,0
The Great Gatsby,2490,2500,The_Great_Gatsby_2490_2500_10,0,14,0.785714286,1
The Great Gatsby,3070,3080,The_Great_Gatsby_3070_3080_8,0,13,0.615384615,1
The Great Gatsby,4050,4060,The_Great_Gatsby_4050_4060_13,0,12,0.583333333,1
The Great Gatsby,537,547,The_Great_Gatsby_537_547_14,0,10,0.5,0
The Great Gatsby,619,629,The_Great_Gatsby_619_629_12,0,11,0.545454545,1
The Green Mile,1205,1215,The_Green_Mile_1205_1215_41,0,12,0.416666667,0
The Green Mile,1876,1886,The_Green_Mile_1876_1886_42,0,9,0.555555556,1
The Green Mile,2079,2089,The_Green_Mile_2079_2089_37,0,10,0.7,1
The Green Mile,2701,2711,The_Green_Mile_2701_2711_40,0,7,0.857142857,1
The Green Mile,369,379,The_Green_Mile_369_379_39,1,9,0.111111111,0
The Green Mile,4614,4624,The_Green_Mile_4614_4624_38,0,9,0.888888889,1
The Green Mile,4632,4642,The_Green_Mile_4632_4642_36,0,10,0.7,1
The Hobbit - An Unexpected Journey,2609,2619,The_Hobbit_-_An_Unexpected_Journey_2609_2619_1,0,12,0.25,0
The Hobbit - An Unexpected Journey,3084,3094,The_Hobbit_-_An_Unexpected_Journey_3084_3094_2,0,15,0.266666667,0
The Hobbit - An Unexpected Journey,4622,4632,The_Hobbit_-_An_Unexpected_Journey_4622_4632_3,0,13,0.230769231,0
The Hobbit - An Unexpected Journey,6186,6196,The_Hobbit_-_An_Unexpected_Journey_6186_6196_4,0,15,0.333333333,0
The Hobbit - An Unexpected Journey,7270,7280,The_Hobbit_-_An_Unexpected_Journey_7270_7280_6,0,18,0.722222222,1
The Hobbit - An Unexpected Journey,8340,8350,The_Hobbit_-_An_Unexpected_Journey_8340_8350_7,0,15,0.6,1
The Hobbit - An Unexpected Journey,9264,9274,The_Hobbit_-_An_Unexpected_Journey_9264_9274_5,1,15,0.4,0
The Hobbit The Desolation of Smaug,1048,1058,The_Hobbit_The_Desolation_of_Smaug_1048_1058_3,0,16,0.4375,0
The Hobbit The Desolation of Smaug,3474,3484,The_Hobbit_The_Desolation_of_Smaug_3474_3484_4,0,13,0.538461538,1
The Hobbit The Desolation of Smaug,4630,4640,The_Hobbit_The_Desolation_of_Smaug_4630_4640_5,0,10,0.5,0
The Hobbit The Desolation of Smaug,5070,5080,The_Hobbit_The_Desolation_of_Smaug_5070_5080_6,0,11,0.818181818,1
The Hobbit The Desolation of Smaug,511,521,The_Hobbit_The_Desolation_of_Smaug_511_521_1,0,11,0.454545455,0
The Hobbit The Desolation of Smaug,5905,5915,The_Hobbit_The_Desolation_of_Smaug_5905_5915_7,0,13,0.538461538,1
The Hobbit The Desolation of Smaug,830,840,The_Hobbit_The_Desolation_of_Smaug_830_840_2,0,15,0.4,0
The Hunger Games 1,1036,1046,The_Hunger_Games_1_1036_1046_2,0,13,0.230769231,0
The Hunger Games 1,1363,1373,The_Hunger_Games_1_1363_1373_7,0,15,0.666666667,1
The Hunger Games 1,1805,1815,The_Hunger_Games_1_1805_1815_4,0,12,0.25,0
The Hunger Games 1,2130,2140,The_Hunger_Games_1_2130_2140_1,0,14,0.428571429,0
The Hunger Games 1,3861,3871,The_Hunger_Games_1_3861_3871_3,0,14,0.571428571,1
The Hunger Games 1,4527,4537,The_Hunger_Games_1_4527_4537_6,0,10,0.5,0
The Hunger Games 1,4586,4596,The_Hunger_Games_1_4586_4596_5,0,15,0.666666667,1
The Hunger Games 2 - Catching Fire,1933,1943,The_Hunger_Games_2_-_Catching_Fire_1933_1943_8,0,8,0.375,0
The Hunger Games 2 - Catching Fire,3113,3123,The_Hunger_Games_2_-_Catching_Fire_3113_3123_12,0,13,1,1
The Hunger Games 2 - Catching Fire,3503,3513,The_Hunger_Games_2_-_Catching_Fire_3503_3513_14,0,9,0.888888889,1
The Hunger Games 2 - Catching Fire,3558,3568,The_Hunger_Games_2_-_Catching_Fire_3558_3568_11,0,12,1,1
The Hunger Games 2 - Catching Fire,356,366,The_Hunger_Games_2_-_Catching_Fire_356_366_13,0,8,0.5,0
The Hunger Games 2 - Catching Fire,3850,3860,The_Hunger_Games_2_-_Catching_Fire_3850_3860_10,0,10,0.3,0
The Hunger Games 2 - Catching Fire,873,883,The_Hunger_Games_2_-_Catching_Fire_873_883_9,0,11,0.545454545,1
The Imitation Game,1623,1633,The_Imitation_Game_1623_1633_220,1,17,0.058823529,0
The Imitation Game,2223,2233,The_Imitation_Game_2223_2233_221,0,14,0.285714286,0
The Imitation Game,2623,2633,The_Imitation_Game_2623_2633_224,0,13,0.538461538,1
The Imitation Game,3040,3050,The_Imitation_Game_3040_3050_219,0,16,0.5625,1
The Imitation Game,3831,3841,The_Imitation_Game_3831_3841_222,0,16,0.5,0
The Imitation Game,4829,4839,The_Imitation_Game_4829_4839_218,0,18,0.722222222,1
The Imitation Game,4836,4846,The_Imitation_Game_4836_4846_223,0,15,0.866666667,1
The Lord of the Rings 1 - Fellowship of the Ring,122,132,The_Lord_of_the_Rings_1_-_Fellowship_of_the_Ring_122_132_5,0,11,0.363636364,0
The Lord of the Rings 1 - Fellowship of the Ring,1659,1669,The_Lord_of_the_Rings_1_-_Fellowship_of_the_Ring_1659_1669_4,0,17,0.764705882,1
The Lord of the Rings 1 - Fellowship of the Ring,1792,1802,The_Lord_of_the_Rings_1_-_Fellowship_of_the_Ring_1792_1802_2,0,16,0.5625,1
The Lord of the Rings 1 - Fellowship of the Ring,2100,2110,The_Lord_of_the_Rings_1_-_Fellowship_of_the_Ring_2100_2110_6,0,17,0.470588235,0
The Lord of the Rings 1 - Fellowship of the Ring,2213,2223,The_Lord_of_the_Rings_1_-_Fellowship_of_the_Ring_2213_2223_1,0,19,0.578947368,1
The Lord of the Rings 1 - Fellowship of the Ring,3482,3492,The_Lord_of_the_Rings_1_-_Fellowship_of_the_Ring_3482_3492_3,0,15,0.533333333,1
The Lord of the Rings 1 - Fellowship of the Ring,3997,4007,The_Lord_of_the_Rings_1_-_Fellowship_of_the_Ring_3997_4007_7,0,18,0.388888889,0
The Lord of the Rings 2 - The Two Towers,2828,2838,The_Lord_of_the_Rings_2_-_The_Two_Towers_2828_2838_11,0,14,0.642857143,1
The Lord of the Rings 2 - The Two Towers,3286,3296,The_Lord_of_the_Rings_2_-_The_Two_Towers_3286_3296_9,0,12,0.333333333,0
The Lord of the Rings 2 - The Two Towers,3331,3341,The_Lord_of_the_Rings_2_-_The_Two_Towers_3331_3341_14,0,14,0.428571429,0
The Lord of the Rings 2 - The Two Towers,3374,3384,The_Lord_of_the_Rings_2_-_The_Two_Towers_3374_3384_13,0,11,0.545454545,1
The Lord of the Rings 2 - The Two Towers,4069,4079,The_Lord_of_the_Rings_2_-_The_Two_Towers_4069_4079_10,0,12,0.583333333,1
The Lord of the Rings 2 - The Two Towers,409,419,The_Lord_of_the_Rings_2_-_The_Two_Towers_409_419_8,0,12,0.75,1
The Lord of the Rings 2 - The Two Towers,4452,4462,The_Lord_of_the_Rings_2_-_The_Two_Towers_4452_4462_12,0,14,0.5,0
The Mask,1397,1407,The_Mask_1397_1407_13,0,19,0.684210526,1
The Mask,1897,1907,The_Mask_1897_1907_10,1,17,0.058823529,0
The Mask,2071,2081,The_Mask_2071_2081_14,0,19,0.631578947,1
The Mask,2692,2702,The_Mask_2692_2702_11,0,21,0.857142857,1
The Mask,2923,2933,The_Mask_2923_2933_9,1,19,0,0
The Mask,4486,4496,The_Mask_4486_4496_12,0,19,0.684210526,1
The Mask,785,795,The_Mask_785_795_8,0,17,0.411764706,0
The Maze Runner,1881,1891,The_Maze_Runner_1881_1891_228,0,7,0.285714286,0
The Maze Runner,2243,2253,The_Maze_Runner_2243_2253_225,0,7,0.857142857,1
The Maze Runner,3846,3856,The_Maze_Runner_3846_3856_231,0,5,0.6,1
The Maze Runner,4521,4531,The_Maze_Runner_4521_4531_230,0,6,0.833333333,1
The Maze Runner,4909,4919,The_Maze_Runner_4909_4919_229,1,8,0.25,0
The Maze Runner,856,866,The_Maze_Runner_856_866_226,0,7,0.714285714,1
The Maze Runner,926,936,The_Maze_Runner_926_936_227,0,8,0.625,1
The Ninth Gate,1784,1794,The_Ninth_Gate_1784_1794_3,1,8,0,0
The Ninth Gate,2541,2551,The_Ninth_Gate_2541_2551_4,0,8,0.5,0
The Ninth Gate,2975,2985,The_Ninth_Gate_2975_2985_253,0,9,0.555555556,1
The Ninth Gate,3683,3693,The_Ninth_Gate_3683_3693_1,0,6,0.5,0
The Ninth Gate,4332,4342,The_Ninth_Gate_4332_4342_2,0,5,0.4,0
The Ninth Gate,4410,4420,The_Ninth_Gate_4410_4420_7,0,12,0.333333333,0
The Ninth Gate,4492,4502,The_Ninth_Gate_4492_4502_6,0,7,0,0
The Pianist,1661,1671,The_Pianist_1661_1671_14,0,10,0.3,0
The Pianist,1899,1909,The_Pianist_1899_1909_10,0,11,0.454545455,0
The Pianist,2210,2220,The_Pianist_2210_2220_32,0,12,0.166666667,0
The Pianist,2711,2721,The_Pianist_2711_2721_12,0,10,0.3,0
The Pianist,2875,2885,The_Pianist_2875_2885_33,0,12,0,0
The Pianist,311,321,The_Pianist_311_321_29,1,10,0.2,0
The Pianist,3256,3266,The_Pianist_3256_3266_13,0,9,0.222222222,0
The Postman,1704,1714,The_Postman_1704_1714_238,0,4,0.25,0
The Postman,2975,2985,The_Postman_2975_2985_233,0,8,0.375,0
The Postman,3344,3354,The_Postman_3344_3354_237,0,5,0.4,0
The Postman,4016,4026,The_Postman_4016_4026_235,0,6,0.5,0
The Postman,4980,4990,The_Postman_4980_4990_234,0,5,0,0
The Postman,528,538,The_Postman_528_538_232,0,8,0.5,0
The Postman,642,652,The_Postman_642_652_236,0,6,0.5,0
The Shawshank Redemption,210,220,The_Shawshank_Redemption_210_220_42,0,10,0.5,0
The Shawshank Redemption,409,419,The_Shawshank_Redemption_409_419_36,0,9,0.666666667,1
The Shawshank Redemption,4420,4430,The_Shawshank_Redemption_4420_4430_261,0,12,0.5,0
The Shawshank Redemption,478,488,The_Shawshank_Redemption_478_488_37,0,10,0.6,1
The Shawshank Redemption,5171,5181,The_Shawshank_Redemption_5171_5181_38,0,10,0.3,0
The Shawshank Redemption,6474,6484,The_Shawshank_Redemption_6474_6484_39,0,10,0.3,0
The Shawshank Redemption,7415,7425,The_Shawshank_Redemption_7415_7425_40,1,10,0.3,0
The Theory of Everything,1016,1026,The_Theory_of_Everything_1016_1026_242,0,8,0.625,1
The Theory of Everything,1345,1355,The_Theory_of_Everything_1345_1355_245,0,11,0.545454545,1
The Theory of Everything,2139,2149,The_Theory_of_Everything_2139_2149_241,0,12,0.75,1
The Theory of Everything,236,246,The_Theory_of_Everything_236_246_243,0,9,0.888888889,1
The Theory of Everything,2394,2404,The_Theory_of_Everything_2394_2404_239,0,9,1,1
The Theory of Everything,4284,4294,The_Theory_of_Everything_4284_4294_240,0,11,0.818181818,1
The Theory of Everything,4676,4686,The_Theory_of_Everything_4676_4686_244,0,9,0.444444444,0
The Wicker Man,1392,1402,The_Wicker_Man_1392_1402_20,0,5,0.8,1
The Wicker Man,2833,2843,The_Wicker_Man_2833_2843_17,0,5,0.4,0
The Wicker Man,3094,3104,The_Wicker_Man_3094_3104_16,0,4,0.5,0
The Wicker Man,4002,4012,The_Wicker_Man_4002_4012_21,0,5,0.6,1
The Wicker Man,4308,4318,The_Wicker_Man_4308_4318_18,0,4,0.75,1
The Wicker Man,4921,4931,The_Wicker_Man_4921_4931_15,0,5,1,1
The Wicker Man,674,684,The_Wicker_Man_674_684_19,1,7,0.142857143,0
Toni Erdmann,1277,1287,Toni_Erdmann_1277_1287_246,0,5,1,1
Toni Erdmann,1726,1736,Toni_Erdmann_1726_1736_250,0,7,0.428571429,0
Toni Erdmann,381,391,Toni_Erdmann_381_391_251,0,5,0.8,1
Toni Erdmann,4283,4293,Toni_Erdmann_4283_4293_247,0,5,0,0
Toni Erdmann,4320,4330,Toni_Erdmann_4320_4330_252,0,6,0.5,0
Toni Erdmann,938,948,Toni_Erdmann_938_948_249,0,7,0.714285714,1
Transcendence,1957,1967,Transcendence_1957_1967_7,0,8,0.375,0
Transcendence,2231,2241,Transcendence_2231_2241_5,0,7,0.714285714,1
Transcendence,321,331,Transcendence_321_331_4,1,6,0,0
Transcendence,327,337,Transcendence_327_337_6,1,9,0,0
Transcendence,376,386,Transcendence_376_386_3,1,6,0,0
Transcendence,4000,4010,Transcendence_4000_4010_1,1,5,0.2,0
Transcendence,597,607,Transcendence_597_607_2,0,8,0.125,0
Whiplash,1394,1404,Whiplash_1394_1404_10,0,8,0.75,1
Whiplash,2422,2432,Whiplash_2422_2432_12,0,10,1,1
Whiplash,3007,3017,Whiplash_3007_3017_8,0,9,0.666666667,1
Whiplash,3217,3227,Whiplash_3217_3227_9,0,7,0.714285714,1
Whiplash,3449,3459,Whiplash_3449_3459_11,0,10,1,1
Whiplash,685,695,Whiplash_685_695_13,0,9,1,1
Whiplash,855,865,Whiplash_855_865_14,0,10,0.6,1
Wild,2441,2451,Wild_2441_2451_255,0,6,0.666666667,1
Wild,2482,2492,Wild_2482_2492_254,0,7,0.571428571,1
Wild,3231,3241,Wild_3231_3241_259,0,4,0.75,1
Wild,3817,3827,Wild_3817_3827_253,0,5,0,0
Wild,877,887,Wild_877_887_256,0,4,0.75,1
Willow,1118,1128,Willow_1118_1128_2,0,7,0.714285714,1
Willow,248,258,Willow_248_258_1,1,6,0.833333333,1
Willow,3227,3237,Willow_3227_3237_5,0,8,0.875,1
Willow,4354,4364,Willow_4354_4364_6,0,8,0.375,0
Willow,4537,4547,Willow_4537_4547_4,1,9,0.333333333,0
Willow,4555,4565,Willow_4555_4565_7,0,7,0.571428571,1
Willow,4923,4933,Willow_4923_4933_3,1,8,0.375,0
X-men 1,1197,1207,X-men_1_1197_1207_51,1,11,0.090909091,0
X-men 1,1235,1245,X-men_1_1235_1245_52,0,8,0.25,0
X-men 1,1251,1261,X-men_1_1251_1261_53,1,10,0.1,0
X-men 1,2489,2499,X-men_1_2489_2499_54,0,12,0.666666667,1
X-men 1,3530,3540,X-men_1_3530_3540_55,0,8,0.25,0
X-men 1,3932,3942,X-men_1_3932_3942_56,0,9,0.666666667,1
X-men 1,815,825,X-men_1_815_825_50,0,9,0.444444444,0
X-men Origins Wolverine,1077,1087,X-men_Origins_Wolverine_1077_1087_60,1,5,0.4,0
X-men Origins Wolverine,1247,1257,X-men_Origins_Wolverine_1247_1257_61,1,11,0.090909091,0
X-men Origins Wolverine,2835,2845,X-men_Origins_Wolverine_2835_2845_62,0,6,0.833333333,1
X-men Origins Wolverine,48,58,X-men_Origins_Wolverine_48_58_57,1,5,0.2,0
X-men Origins Wolverine,5180,5190,X-men_Origins_Wolverine_5180_5190_63,0,8,0.875,1
X-men Origins Wolverine,675,685,X-men_Origins_Wolverine_675_685_58,1,8,0.125,0
X-men Origins Wolverine,842,852,X-men_Origins_Wolverine_842_852_59,0,11,0.181818182,0
Youth,1098,1108,Youth_1098_1108_22,0,6,0.666666667,1
Youth,1996,2006,Youth_1996_2006_26,0,5,1,1
Youth,2023,2033,Youth_2023_2033_23,0,6,1,1
Youth,2155,2165,Youth_2155_2165_28,0,5,0.2,0
Youth,2400,2410,Youth_2400_2410_24,0,4,0.5,0
Youth,2483,2493,Youth_2483_2493_25,0,4,0.5,0
